{
  "src/api/index-dbg.js": 1724408071438,
  "build/static/js/main.46cd3064.js": 1724403920688,
  "src/api/index.js": 1724408071438,
  "src/setupTests.js": 1724408079886,
  "src/reportWebVitals.js": 1724408085074,
  "build/xs-app.json": 1724403914448,
  "build/manifest.json": 1724409219170,
  "build/asset-manifest.json": 1724403920684,
  "build/Component.js": 1724403914448,
  "package-lock.json": 1724404850899,
  "manifest.json": 1724409219169,
  "jsconfig.json": 1724228904990,
  "Component.js": 1724390967133,
  "build/static/js/453.40c73b04.chunk-dbg.js": 1724403920688,
  "build/static/js/453.40c73b04.chunk.js.map": 1724409219296,
  "build/static/js/453.40c73b04.chunk-dbg.js.map": 1724409219183,
  "build/static/js/main.46cd3064-dbg.js": 1724403920688,
  "build/static/js/main.46cd3064.js.map": 1724409220316,
  "build/static/js/main.46cd3064-dbg.js.map": 1724409219199,
  "build/static/js/453.40c73b04.chunk.js": 1724403920688,
  "src/api/index.js.map": 1724409219264,
  "src/setupTests-dbg.js": 1724408079886,
  "src/setupTests.js.map": 1724409219264,
  "src/reportWebVitals-dbg.js": 1724408085074,
  "src/reportWebVitals.js.map": 1724409219269,
  "build/Component-dbg.js": 1724403914448,
  "build/Component.js.map": 1724409219269,
  "Component-dbg.js": 1724390967133,
  "Component.js.map": 1724409219269,
  "Component-preload.js": 1724409220649,
  "Component-preload.js.map": 1724409220651,
  "build/static/js/main.46cd3064.js.LICENSE.txt": 1724403920688,
  "build/static/media/logo.400ad79a59bf6a5c2f858820accea6ec.svg": 1724403920688,
  "build/static/css/main.c33b1990.css.map": 1724403920688,
  "build/static/css/main.c33b1990.css": 1724403920688,
  "src/pages/NotFound.jsx": 1724228905378,
  "src/pages/MasterPage.jsx": 1724228905278,
  "src/components/AppBar.jsx": 1724406216148,
  "src/assets/logo.svg": 1724228905094,
  "src/index.jsx": 1724351395001,
  "src/index.css": 1724228905070,
  "src/App.test.jsx": 1724228905066,
  "src/App.jsx": 1724228905066,
  "src/App.css": 1724228905058,
  "public/robots.txt": 1724228905038,
  "public/logo512.png": 1724228905034,
  "public/logo192.png": 1724228905026,
  "public/index.html": 1724404336910,
  "public/favicon.ico": 1724228905014,
  "build/robots.txt": 1724403914448,
  "build/logo512.png": 1724403914448,
  "build/logo192.png": 1724403914448,
  "build/index.html": 1724403920684,
  "build/favicon.ico": 1724403914448,
  "robots.txt": 1724228905010,
  "logo512.png": 1724228904998,
  "logo192.png": 1724228904994,
  "index.html": 1724408651500,
  "favicon.ico": 1724228904982,
  "README.md": 1724228904974
}